{
    "Thunder": "雷电",
    "Ring": "戒指",
    "Lightning": "闪电",
    "Strikes": "打击",
    "Entities": "实体",
    "Fear": "恐惧",
    "Enemies": "敌人",
    "Protect": "保护",
    "Harm": "伤害",
    "Harness": "驾驭",
    "Fury": "狂怒",
    "Thunderstorm": "雷暴",
    "Advantage": "优势",
    "Somnium": "梦素",
    "Master": "大师",
    "Elements": "元素",
    "Embark": "踏上",
    "Journey": "旅程",
    "Magic": "魔法",
    "Creation": "创造",
    "Artifact": "神器",
    "Arcane": "奥术",
    "Mysterious": "神秘的",
    "Ancient": "古老的",
    "Force": "力量",
    "Secrets": "秘密",
    "Universe": "宇宙",
    "Unleash": "释放",
    "Potential": "潜力",
    "Materials": "材料",
    "Mystical": "神秘的",
    "Object": "物品",
    "Recipe": "配方",
    "Infuser": "注入器",
    "GUI": "界面",
    "Admin": "管理员",
  "Adminium": "管理员石",
  "Advancement": "进度",
  "Achievement": "成就",
  "AFK": "离开键盘",
  "Armor": "盔甲",
  "Bed": "床",
  "Bed Wars": "床战",
  "Biome": "生物群系",
  "Block": "方块",
  "Block Clutch": "方块抓地",
  "Blind Travel": "盲游",
  "Blaze": "烈焰人",
  "Breeding": "繁殖",
  "Caving": "探洞",
  "Cheats": "作弊",
  "Chunk": "区块",
  "Coords": "坐标",
  "Creeper": "苦力怕",
  "Crafting": "合成",
  "Crafting Table": "工作台",
  "Cracked": "破解版",
  "Critical Hit": "暴击",
  "Crystal": "末影水晶",
  "Crystallize": "用水晶攻击",
  "DLC": "可下载内容",
  "Dog": "狗",
  "Dupe": "复制",
  "Duped Items": "复制的物品",
  "Dungeon": "地牢",
  "E-Rays": "视线射线",
  "End": "末地",
  "Enderman": "末影人",
  "Enderdragon": "末影龙",
  "Eye of Ender": "末影之眼",
  "Eye Portal": "眼传送门",
  "Farm": "农场",
  "Mob Farm": "怪物农场",
  "Food": "食物",
  "FPS": "帧率",
  "Grief": "破坏",
  "Griefer": "破坏者",
  "God Apple": "神苹果",
  "Notch Apple": "诺奇苹果",
  "Gold": "金子",
  "Butter": "黄油",
  "Hacker": "黑客",
  "Hotkeying": "快捷键切换",
  "Hunger Games": "饥饿游戏",
  "ItemStack": "物品堆叠",
  "Inv": "背包",
  "Lava": "熔岩",
  "Light": "光照",
  "Mob": "生物",
  "Passive Mobs": "被动生物",
  "Neutral Mobs": "中立生物",
  "Hostile Mobs": "敌对生物",
  "Mob Spawner": "怪物生成器",
  "Mod": "模组",
  "Moderator": "管理员",
  "MLG": "极限操作",
  "Multiplayer": "多人游戏",
  "Nether": "下界",
  "Nether Fortress": "下界要塞",
  "Nether Wart": "下界疣",
  "Notch": "诺奇",
  "Obby": "黑曜石",
  "OP": "操作员",
  "Pearling": "珍珠传送",
  "Pickaxe": "镐",
  "Portal": "传送门",
  "Nether Portal": "下界传送门",
  "Prot": "保护",
  "PvP": "玩家对战",
  "Redstone": "红石",
  "Render Distance": "渲染距离",
  "Server": "服务器",
  "Skin": "皮肤",
  "Skelly": "骷髅",
  "Spawn": "出生点",
  "Spleef": "掘一死战",
  "Stack": "堆叠",
  "Survival Mode": "生存模式",
  "TP": "传送",
  "Troll": "捣蛋者",
  "Vanilla": "原版",
  "Wither Skeleton": "凋灵骷髅",
  "Zombie": "僵尸",
  "Zombie Pigmen": "僵尸猪人",
  "Cheese": "取巧策略",
  "Clutch": "关键操作",
  "GG": "好局",
  "Noob": "新手",
  "Toxic": "毒瘤",
  "Adventure Mode": "冒险模式",
  "Creative Mode": "创造模式",
  "One Cycle": "一周期"
}